	Segment ID	Source Segment	Segment Origin	Ref	Ref_rating	MT_Z	MT_Z_rating	MT_Y	MT_Y_rating
0	1	Cleveland police branded 'failing' in all areas by inspectors	b	클리블랜드 경찰, 검사관 평가 결과 전체 분야에서 ‘결함’	1	클리블랜드 경찰은 모든 분야에서 검사관들에 의해 '실패'라는 낙인을 찍었다.	2	클리블랜드 경찰은 조사관들에 의해 모든 지역에서 '실패'로 낙인찍혔다.	2
1	2	"Scandal-hit Cleveland police has become the first force to be branded ""failing"" in all areas by inspectors."	b	추문으로 얼룩진 영국 클리블랜드 경찰이 전 분야에서 검사관들에게 ‘결함’ 판정을 받은 최초의 경찰기관이 되었다.	2	"스캔들로 타격을 입은 클리블랜드 경찰은 모든 지역에서 검사관들에 의해 ""실패""라는 낙인이 찍힌 최초의 세력이 되었다."	3	"스캔들로 얼룩진 클리블랜드 경찰은 수사관들에 의해 모든 분야에서 ""실패""로 낙인찍힌 첫 번째 세력이 되었다."	1
2	3	It has been rated inadequate overall and in three key areas by Her Majesty's Inspectorate of Constabulary and Fire and Rescue Services (HMICFRS), which scrutinised its ability to reduce crime and keep people safe, operate efficiently, as well as the way it treats the public and its workforce.	b	영국 경찰, 소방 및 구조 활동 감시단이 범죄 예방 및 국민 안전 보장, 업무 효율성, 대중 및 동료에 대한 태도 등의 분야에서 면밀히 평가한 결과, 클리블랜드 경찰이 일반 분야와 핵심 3개 분야에서 부적합 판정을 받았다.	1	그것은 범죄를 줄이고 사람들을 안전하게 지키고 효율적으로 운영하며, 대중과 그 노동력을 다루는 방식을 면밀히 조사한 HMICFRS(Her Majest's Inspectorate of Constitution and Fire and Rescue Services)에 의해 전반적으로 그리고 세 가지 핵심 분야에서 불충분하다고 평가되어 왔다.	2	HMICFRS는 범죄를 줄이고 사람들을 안전하게 유지하며 효율적으로 운영할 수 있는 능력과 일반 대중과 노동자들을 대하는 방식을 면밀히 조사한 결과, 전반적으로 그리고 세 가지 주요 영역에서 부적절하다는 평가를 받았습니다.	3
3	4	"The findings mean the force is effectively plunged into special measures, where the chief constable and police and crime commissioner are called before a national board and questioned about their plans to ensure ""critical improvements"" are made."	b	이번 결과는 해당 경찰기관에 대한 효과적인 특별 조치를 취할 것임을 의미한다. 이는 경찰서장과 자치경찰청장을 국가위원회에 소환하여 이 상황을 ‘대폭 개선할’ 계획에 대한 청문회를 연다는 뜻이다.	1	"이번 조사 결과는 이 부대가 사실상 특별 조치에 빠져들게 된다는 것을 의미하며, 이 조치는 경찰청장과 경찰, 범죄청장이 국가 위원회에 소집되어 ""중대한 개선""을 보장하기 위한 그들의 계획에 대해 의문을 제기한다."	3	이번 조사 결과는 경찰청장이 국가 이사회에 불려가 '중대한 개선'을 위한 계획에 대해 질의하는 등 사실상 특단의 조치가 취해졌다는 것을 의미한다.	2
4	5	The home secretary could then step in to tackle the problem if no progress is made.	b	진전이 없을 경우에는 내무장관이 직접 문제 해결에 개입할 수도 있다.	1	그리고 나서 내무장관은 진전이 없다면 그 문제를 해결하기 위해 개입할 수 있다.	1	진척이 없으면 내무장관이 나서서 문제를 해결할 수도 있다.	2
5	6	A string of scandals has plagued the force, covering Hartlepool, Redcar and Cleveland, Stockton and Middlesbrough in the north east of England.	b	잉글랜드 북동부의 하트풀, 레드카, 클리블랜드, 스톡턴, 미들즈브러를 관할하는 경찰기관에서 추문이 잇달아 터지고 있다.	1	영국 북동부의 하틀풀, 레드카, 클리블랜드, 스톡턴, 미들즈브러를 포함한 일련의 스캔들이 그 세력을 괴롭혔다.	3	하틀풀, 레드카, 클리블랜드, 스톡턴, 미들즈브러 등 잉글랜드 북동부 지역에서 발생한 일련의 스캔들이 이 세력을 괴롭히고 있다.	2
6	7	It has seen six chief constables in almost as many years.	b	거의 몇 년간 경찰서장이 6번 교체되었다.	1	그것은 거의 여러 해 동안 6명의 최고 경감을 보았다.	3	거의 몇 년 동안 6명의 경찰서장이 근무했다.	2
7	8	"Former chief constable Sean Price was sacked for gross misconduct in 2012; seven officers were under investigation after journalists"" phones were unlawfully monitored, and there have been long-standing claims of racism within the ranks."	b	션 프라이스 전 경찰서장은 2012년 중대한 위법행위로 해임되었다. 이 사건에서 7명의 경찰관이 기자들의 통화를 불법 도청한 혐의로 수사를 받았고, 서내 인종차별 사건이 끊이지 않고 있다.	1	"숀 프라이스 전 경감은 2012년 심각한 위법행위로 해고되었다. 언론인""전화가 불법적으로 감시된 후 7명의 장교들이 조사를 받고 있었고, 그 계급 내에서 오랫동안 인종차별에 대한 주장이 있었다."	2	숀 프라이스 전 경찰청장은 2012년 총체적 위법행위로 해임됐다. 언론인들의 휴대폰이 불법 감시를 받은 후 7명의 경찰관이 조사를 받았다.	3
8	9	"Work practices were recently described by the chief inspector of constabulary as being about as ""inefficient as you can possibly imagine,"" with officers having to share laptops and bodyworn cameras."	b	최근 해당 경찰대 경감은 경찰의 직무 수행에 대해 거의 “당신이 상상하는 만큼 비효율적이라며, 경찰들이 노트북과 바디카메라를 공유하는 지경이라고 설명했다.	1	"최근 경찰청장은 경찰관들이 노트북과 신체에 손상된 카메라를 공유해야 하는 등 ""상상할 수 있는 한 비효율적""이라고 묘사했다."	2	"최근 경찰서장은 경찰들이 노트북과 보디 마모된 카메라를 공유해야 하는 등 ""상상할 수 있는 만큼 비효율적인 작업""이라고 설명했다."	2
9	10	"HM Inspector of Constabulary Phil Gormley said it was a ""failing force"" where there had been ""significant"" deterioration in the last two years."	b	HMICFRS의 필 곰레이 감찰관은 클리블랜드 경찰에 대해 최근 2년 사이에 “심각하게” 타락한 “실패한 경찰”이라고 말했다.	1	"필 고믈리 HM 조사관은 지난 2년 동안 ""중대한"" 악화가 있었던 ""실패한 힘""이라고 말했다."	2	"필 고멀리 경찰서 HM 조사관은 지난 2년간 ""중대한"" 악화가 있었던 곳은 ""실패한 세력""이라고 말했다."	3
10	11	"Tees Valley mayor Ben Houchen said the report described the ""worst findings ever into any police force in the country"" which was ""finally the official validation"" that the force is ""broken"" and said the Home Office needed to intervene now."	b	"벤 허우첸 티즈 밸리 시장은 이 보고서가 ""국내 모든 경찰이 받은 조사를 통틀어 최악의 결과”였으며, 경찰력이 “붕괴되었음을 마침내 공식적으로 검증한 것”이라고 설명했고, 내무부의 즉각적인 개입이 필요하다고 말했다."	1	"벤 후첸 티즈 밸리 시장은 이 보고서가 ""이 나라의 어떤 경찰력에도 최악의 조사 결과""를 묘사했는데, 이는 ""완전히 그 군대가 ""파탄""되었다는 ""공식적인 검증""이며 내무부가 지금 개입할 필요가 있다고 말했다."	2	"벤 후첸 티즈밸리 시장은 이 보고서가 ""국내 경찰력에 대한 사상 최악의 결과""를 묘사하며 ""마침내 경찰력이 무너졌다""며 ""이제 내무부가 개입할 필요가 있다""고 말했다."	3
11	12	"He added: ""It's no longer in dispute."	b	그는 이렇게 덧붙였다. “이제는 더 이상 논란의 대상이 아니다.	2	"그는 덧붙였다 : ""더 이상 논쟁이 아니다."	3	"그는 ""더 이상 논쟁의 여지가 없다""라고 덧붙였다."	1
12	13	It is a fact described in black and white in this report.	b	이 보고서에 이분법적으로 드러난 사실이다.”	1	이 보고서에는 흑백으로 묘사된 사실이다.	2	그것은 이 보고서에서 흑백으로 기술된 사실이다.	2
13	14	The findings are some of the most distressing and shocking I have ever read.	b	"“이번 결과는 지금까지 내가 본 것 중 가장 괴롭고 충격적인 내용이다."""	2	"""그 발견은 내가 읽은 것 중 가장 고통스럽고 충격적인 것 중 하나이다."""	1	"""이 연구 결과는 제가 읽은 것 중 가장 고통스럽고 충격적인 것들입니다."""	2
14	15	Cleveland is one of 15 forces that has been recently inspected by HMICFRS inspectors, and the only one rated inadequate in all areas.	b	클리블랜드는 최근 HMICFRS 감찰관들의 조사를 받은 15개 경찰서 가운데 한 곳으로, 유일하게 전 분야에서 부적합 평가를 받았다.	1	클리블랜드는 최근 HMICFRS 검사관들에 의해 검사를 받은 15개 병력 중 하나이며, 모든 분야에서 유일하게 불충분한 것으로 평가되었다.	2	클리블랜드는 최근 HMICFRS 검사관이 조사한 15개 병력 중 하나로, 전 분야에서 유일하게 부적합 판정을 받았다.	2
15	16	"Gormley added: ""The force doesn't appropriately prioritise crime prevention."	b	곰레이 감찰관은 이렇게 덧붙였다. “클리블랜드 경찰이 범죄 예방을 중시하지 않고 있다.	1	"고믈리는 ""경찰은 범죄 예방을 적절하게 우선시하지 않는다""고 덧붙였다."	2	"고믈리는 ""군대가 범죄 예방의 우선순위를 적절하게 정하지 않는다""고 덧붙였다."	3
16	17	There is a lack of strategic direction, and the force doesn't allocate enough resources to prevention work …	b	전략적인 방향성도 없고 방범에 충분한 재원을 배치하지도 않는다…	1	전략적 방향이 부족하고, 그 힘은 예방 작업에 충분한 자원을 할당하지 않는다...	3	전략적인 방향성이 부족하고, 병력이 예방 작업에 충분한 자원을 할당하지 못하고 있습니다 …	2
17	18	It is failing to respond appropriately to vulnerable people, including children.	b	아동을 비롯한 취약 계층에 제대로 대처하지 못하고 있다.	2	어린이를 포함한 취약계층에 적절하게 대응하지 못하고 있다.	1	아동 등 취약계층에 제대로 대응하지 못하고 있다.	2
18	19	"It is missing opportunities to safeguard them and exposing them to risk."""	b	이들을 보호할 기회를 놓쳤고 이들을 위험에 노출시키고 있다.”	1	"그들을 보호하고 위험에 노출시킬 기회가 없다."""	3	"그들을 보호하고 위험에 노출시킬 기회를 놓치는 것이다."""	2
19	20	"He said senior leaders were not consistently demonstrating ""ethical behaviour,"" and the ""inappropriate behaviour of senior leaders within Cleveland is so profound that it is affecting the efficiency and effectiveness of the force."""	b	"곰레이 감찰관은 고위 지도층이 일관되게 “윤리적으로 행동하지” 않고 있고, “클리블랜드 내 고위 지도층의 부적절한 행위가 너무 심각한 나머지 경찰들의 효율적, 효과적 수사에 지장을 준다""고 말했다."	1	"그는 고위 지도자들이 지속적으로 ""윤리적인 행동""을 보여주지 않았으며 ""클리블랜드 내의 고위 지도자들의 부적절한 행동은 너무 심오해서 힘의 효율성과 효과에 영향을 미치고 있다""고 말했다."	2	"그는 고위 지도자들이 일관되게 ""윤리적인 행동""을 보이는 것은 아니며, ""클리블랜드 내 고위 지도자들의 부적절한 행동은 너무 심오해서 군부의 효율성과 효과에 영향을 미치고 있다""고 말했다."	3
20	21	"He added: ""It doesn't consistently treat its workforce with fairness and respect and it doesn't effectively communicate with or engage its workforce; its processes aren't perceived to be fair and it doesn't understand its workforce well enough to support them."""	b	"허우첸 시장은 이렇게 덧붙였다. ""동료 경찰들을 일관되고 공정하게 대우하지 않고 그들과 효과적으로 소통하거나 교류하지 않는다. 업무 처리 과정도 공정하다는 인식을 받지 못하고 경찰 인력에 대한 파악이 부족해 제대로 지원하지도 못한다.”"	1	"그는 ""그것은 공정성과 존경심으로 일관되게 노동력을 대하지 않으며 노동력과 효과적으로 의사 소통하거나 참여하지 않으며 공정한 것으로 인식되지 않으며 노동력을 충분히지지할만큼 노동력을 잘 이해하지 못한다""고 덧붙였다."	3	"그는 ""일관적으로 공정성과 존중으로 인력을 다루지 않으며 인력과의 효율적인 소통이나 참여를 유도하지 못합니다. 프로세스가 공정하다고 인식되지 않으며 인력을 지원할 수 있을 만큼 충분히 이해하지 못합니다."""	2
21	22	Despite the findings, the force did receive a small amount of praise for the way it tackles serious and organised crime but was told it must improve the way it investigates crimes.	b	감사 결과에도 불구하고, 해당 경찰서는 심각한 조직 범죄를 해결해 약간의 칭찬을 얻었으나 범죄 수사 방식에 개선이 필요하다는 평가를 받았다.	2	이 발견에도 불구하고, 그 군대는 심각하고 조직적인 범죄를 다루는 방식에 대해 소량의 찬사를 받았지만, 범죄를 조사하는 방식을 개선해야 한다는 말을 들었다.	1	이번 조사 결과에도 불구하고, 강력하고 조직적인 범죄에 대처하는 방식에 대해서는 약간의 찬사를 받았지만, 범죄 수사 방식을 개선해야 한다는 말을 들었다.	1
22	23	"The force's police and crime commissioner Barry Coppinger said: ""I am deeply concerned at the worrying contents of this report."	b	"클리블랜드 경찰서의 배리 코핑거 자치경찰서장은 이렇게 말했다. ""이 보고서에 담긴 문제가 되는 내용은 심히 우려가 된다.”"	1	"배리 코핑거 경찰과 범죄담당 집행위원은 ""이 보고서의 걱정스러운 내용에 깊은 우려를 표한다."	1	"배리 코핑거 경찰청장과 범죄국장은 ""이 보고서의 우려스러운 내용에 깊은 우려를 표한다""고 말했다."	2
23	24	The force's recent performance is simply not good enough.	b	"“우리 경찰서의 최근 성과가 한마디로 충분히 좋지 못하다."""	1	"""최근 부대의 활약은 단순히 충분하지 않다."""	2	"그는 ""포스의 최근 활약이 좋지 않다""고 말했다."""	3
24	25	"He said he had received assurances from the current chief constable Richard Lewis that ""swift action"" was taken as soon as he became aware of the failings."	b	"리차드 루이스 현 경찰서장이 이번 문제를 알게 되자마자 즉시 “신속한 조치""를 취하겠다고 확언했었다고 그는 밝혔다."	1	"그는 현재 리처드 루이스 경감으로부터 실패를 알게 되자마자 ""스위프트 액션""이 취해졌다는 확신을 받았다고 말했다."	3	"그는 리처드 루이스 현 경찰청장으로부터 결함을 깨닫자마자 ""신속한 조치""가 취해진다는 확약을 받았다고 말했다."	2
25	26	Coppinger has been ordered by the Home Office to respond to the report within 56 days.	b	코핑거 서장은 56일 안에 해당 보고서에 대해 반응하라는 내무부의 지시를 받았다.	1	코핑거는 내무부로부터 56일 이내에 보고서에 응답하라는 명령을 받았다.	1	Copper는 내무부로부터 56일 이내에 보고서에 응답하라는 명령을 받았다.	2
26	27	"Lewis said the report would act ""as a line in the sand"" for the force, adding: ""Improvements have already been made and I take full responsibility for driving through the changes that are so obviously needed."	b	"루이스 서장은 이 보고서가 경찰력의 “기준점 역할”을 할 것이라고 말하며 다음과 같이 덧붙였다. ""이미 개선이 이루어졌으며, 명백히 필요했던 그 변화를 내가 전적으로 책임지고 추진한다."	1	"루이스는 이 보고서가 ""모래 속의 선""으로 작용할 것이라고 말했다. ""개선은 이미 이루어졌고 나는 분명히 필요한 변화를 운전하는 데 모든 책임을 진다."	3	"루이스는 이 보고서가 ""모래 속의 선""으로 작용할 것이라며 ""개선은 이미 이루어졌으며, 나는 분명히 필요한 변화를 주도할 책임이 있다""고 덧붙였다."	2
27	28	"In the five months I've been here I have met some exceptional police officers and staff, at all levels, and have seen lives saved and vulnerable people protected by the efforts and determination of frontline officers."""	b	지난 5개월 간 여기 있으면서 분야를 막론하고 많은 뛰어난 경찰관과 직원들을 만났고, 일선에 있는 경찰관들의 노력과 의지로 여러 사람들이 목숨을 구제하고 취약 계층이 보호 받는 것을 보았다.”	1	"내가 여기 온 5개월 동안 나는 모든 수준에서 뛰어난 경찰관과 직원들을 만났고, 최전방 경찰관들의 노력과 결단력으로 보호받는 생명을 구하고 취약한 사람들을 보았다."""	2	"지난 5개월 동안 저는 모든 직급에서 뛰어난 경찰관과 직원들을 만나 일선 경찰관의 노력과 결단에 의해 보호되고 있는 생명을 보았습니다."""	3
28	29	If drastic improvements are not made quickly enough, the Government could step in, as it can when prisons are failing.	b	만약 획기적인 개선이 신속하게 시행되지 않을 경우, 교도소에 문제가 발생했을 때처럼 정부가 직접 개입할 수 있다.	2	만약 급격한 개선이 충분히 빨리 이루어지지 않는다면, 정부는 감옥이 실패할 때 할 수 있는 것처럼 개입할 수 있다.	1	만약 급격한 개선이 충분히 빨리 이루어지지 않는다면, 감옥이 무너지고 있을 때 정부가 개입할 수 있다.	3
29	30	But so far politicians have never had to resort to this measure with police forces, inspectors said.	b	그러나 여태껏 정계에서 경찰에 이런 조치를 취한 적은 없었다고 단 한 번도 없었다고 감찰관들은 말했다.	1	그러나 지금까지 정치인들은 경찰과 함께 이 조치에 의존할 필요가 없었다고 사찰단은 말했다.	2	그러나 지금까지 정치인들은 경찰력을 동원해 이 조치에 의존할 필요가 없었다고 조사관들은 말했다.	2
30	31	"Kit Malthouse, minister for crime, policing and fire, said he welcomed the chief constable's ""swift action to address these failings and will be monitoring the position closely,"" adding: ""Transparency and accountability are vital for public trust in policing."	b	"킷 말트하우스 범죄·경찰·소방부 장관은 ""이 같은 문제를 해결하기 위한 경찰서장의 신속한 조치를 환영하며, 현황을 면밀히 감독하겠다""고 말하며 다음과 같이 덧붙였다. “투명성과 책임감은 경찰의 공신력에 있어 필수 요소다.”"	1	"키트 몰트하우스 범죄, 치안, 화재 담당 장관은 ""이러한 실패를 해결하기 위한 경감의 전환 조치를 환영하며 그 위치를 면밀히 감시할 것""이라며 ""투명성과 책임은 치안 유지에 대한 대중의 신뢰에 필수적이다""고 말했다."	2	"킷 맬하우스 경찰청장은 ""경찰에 대한 국민의 신뢰에 투명성과 책임이 매우 중요하다""며 ""경찰에 대한 책임감이 매우 중요하다""고 말했다."	3
31	32	David Attenborough working on new documentary about animals and colour	a	데이비드 애튼버러, 동물과 색상에 대한 새 다큐멘터리 제작해	1	David Attenborough는 동물과 색깔에 관한 새로운 다큐멘터리를 작업하고 있다.	2	동물과 색깔에 관한 새로운 다큐멘터리를 제작하는 데이비드 애튼버러	1
32	33	David Attenborough is 93-years-old but the iconic nature guru is not slowing down just yet.	a	데이비드 애튼버러는 93세의 나이에도 불구하고 자연 분야의 상징적인 권위자로서 활동을 늦추지 않고 있다.	1	데이비드 애튼버러는 93세지만 상징적인 자연 전문가는 아직 속도를 늦추지 않고 있다.	3	데이비드 애튼버러(David Attenborough)는 93세지만 자연계의 상징적인 전문가인 데이비드 애튼버러는 아직 속도를 늦추지 않고 있다.	2
33	34	No, after the success of his groundbreaking Netflix documentary Our Planet, the much loved star is set to return with another series: Life In Colour.	a	그렇다, 그의 획기적인 넷플릭스 다큐멘터리인 ‘우리의 지구’의 성공 이후 사랑받는 스타인 애튼버러는 새로운 시리즈를 통해 컴백할 예정이다. 바로 ‘생명의 색채'이다.	1	아니, 그의 획기적인 넷플릭스 다큐멘터리 '우리 행성'의 성공 이후, 많은 사랑을 받고 있는 이 스타는 또 다른 시리즈인 'Life In Color'로 돌아올 예정이다.	2	아니요, 넷플릭스 다큐멘터리 '아워 플래닛'의 성공 이후, 많은 사랑을 받고 있는 스타는 또 다른 시리즈로 돌아올 예정입니다. '라이프 인 컬러(Life In Color.	3
34	35	This time, the father-of-two will look at how animals use colour in their lives through high-tech cameras that were built especially for the programme.	a	이번에는 두 아이를 둔 애튼버러가 이 프로그램을 위해 특수 제작된 최첨단 카메라를 통해 동물들이 일상생활에서 색상을 어떻게 활용하는지 살펴볼 것이다.	1	이번에는 두 아이의 아버지가 특히 프로그램을 위해 만들어진 첨단 카메라를 통해 동물들이 어떻게 그들의 삶에서 색을 사용하는지 살펴볼 것이다.	2	이번에는, 두 아이의 아버지가 이 프로그램을 위해 특별히 만들어진 첨단 카메라를 통해 동물들이 어떻게 그들의 삶에서 색을 사용하는지 살펴볼 것이다.	1
35	36	"The BBC have revealed that the star aims to show ""a world of colour normally invisible to human eyes"" — and it sounds truly fascinating."	a	"BBC에 따르면, 애튼버러의 목표는 ""보통 인간의 눈으로는 볼 수 없는 색상의 세계""를 보여주는 것이다. 그리고 그건 진심으로 멋질 것 같다."	1	"BBC는 이 스타가 ""일반적으로 인간의 눈에 보이지 않는 색깔의 세계""를 보여주는 것을 목표로 하고 있으며, 그것은 정말 매혹적으로 들린다고 밝혔다."	2	"BBC는 이 스타가 ""보통 사람의 눈에 보이지 않는 색의 세계""를 보여주는 것을 목표로 하고 있다고 밝혔으며, 이는 정말 매력적으로 들린다."	2
36	37	However, despite fans being eager for the upcoming release, it seems we all need to sit tight as it won't be dropping on our screens until 2021.	a	그러나 팬들이 이 신작의 개봉을 손꼽아 기다리고 있긴 하지만, 2021년까지 방영되지 않을 모양인 만큼 우리 모두 그때까지 참고 기다려야 할 것 같다.	1	하지만, 팬들이 다가오는 개봉을 열망하고 있음에도 불구하고, 우리 모두는 2021년까지 스크린에 떨어지지 않을 것이기 때문에 꼼짝 않고 앉아 있을 필요가 있는 것 같다.	2	하지만 팬들이 이번 개봉을 간절히 바라고 있음에도 불구하고 2021년까지 스크린에 떨어지지 않을 것이기 때문에 우리 모두 긴장해야 할 것 같다.	3
37	38	But we're sure it'll be worth the wait.	a	그러나 기다린 보람이 있을 것이라 장담한다.	2	하지만 우리는 그것이 기다릴 가치가 있을 것이라고 확신한다.	1	하지만 기다릴 가치가 있을 거라고 확신해요.	1
38	39	Earlier this month, David was presented with the TV Choice Lifetime Achievement Award, at the prestigious ceremony in London.	a	이달 초, 데이비드는 런던의 한 권위 있는 시상식에서 TV 초이스의 평생 공로상을 수상했다.	2	이달 초, 데이비드는 런던에서 열린 명망 있는 시상식에서 TV 초이스 평생 공로상을 받았다.	1	이달 초, 데이비드는 런던에서 열린 권위 있는 시상식에서 TV Choice Lifetime Achievement Award를 받았다.	1
39	40	The national treasure has entertained millions over his career, which has so far spanned 60 years.	a	국보급 감독인 데이비드는 60년에 걸친 자신의 커리어를 통해 수백만에게 즐거움을 선사했다.	1	그 국보가 그의 경력에 대해 수백만 달러를 즐겁게 해왔는데, 그것은 지금까지 60년 동안 지속되어 왔다.	3	이 국보는 지금까지 60년 동안 그의 경력 동안 수백만 명의 사람들에게 즐거움을 주었다.	2
40	41	"When collecting his gong, the reporter enthused: ""Indeed."	a	수상하는 순간에 그는 열정적으로 말했다. ”사실 그렇다.	1	"기자는 징을 수집할 때 ""실제로."	3	"기자는 징을 수집할 때 ""정말입니다.""라고 열변을 토했다."	2
41	42	What I do isn't always entertaining, and sometimes people hear things they don't like!”	a	내가 하는 일이 항상 즐거운 건 아니다. 때로는 사람들이 원치 않는 내용을 전달하기도 한다!”	1	"내가 하는 일이 항상 재미있지는 않고, 때로는 사람들이 싫어하는 말을 듣는다!"""	3	"제가 하는 일이 항상 즐겁지는 않고, 때때로 사람들은 그들이 좋아하지 않는 말을 듣습니다!"""	2
42	43	But this is an honour and a great pleasure.	a	하지만 이 상은 영광스럽고 매우 기쁜 일이다.	1	"""하지만 이것은 영광이고 큰 기쁨이다."""	1	"""하지만 이것은 영광이고 큰 기쁨입니다."""	1
43	44	"TV Choice said of the winner: ""Still working, learning and making programmes Sir David Attenborough isn't just a British hero, he's a global icon."""	a	"TV 초이스는 수상자인 데이비드에 대해 다음과 같이 말했다. “데이비드 애튼버러 경은 아직도 일하고 배우고 프로그램을 제작하고 있다. 그는 영국의 영웅일 뿐만 아니라 세계적인 아이콘이다."""	1	"TV 초이스는 우승자에 대해 ""데이비드 애튼버러 경은 영국 영웅이 아니라 세계적인 아이콘이다."""	3	"TV 초이스는 수상자에 대해 ""아직도 일하고, 배우고, 프로그램을 만드는 데이비드 애튼버러 경은 영국의 영웅일 뿐 아니라 세계적인 아이콘이다""라고 말했다."	2
44	45	This week, David was celebrated once again as a polar research ship was named after him.	a	이번 주 한 극지방 조사선이 데이비드의 이름을 빌리면서 다시 한번 그가 축하를 받았다.	1	이번 주, 데이비드는 극지 연구선의 이름이 그의 이름을 따서 다시 한번 축하받았다.	2	이번 주, 데이빗은 북극 연구선이 그의 이름을 따서 명명되면서 다시 한번 기념되었다.	3
45	46	The star joined both Prince William and Kate for the naming ceremony in Cammell Laird shipyard in Birkenhead, Merseyside.	a	데이비드는 윌리엄 왕자와 케이트 부부와 함께 머지사이드 비컨헤드에 위치 캐멀 레어드 사의 한 조선소에서 열린 명명식에 참여했다.	2	이 스타는 윌리엄 왕자와 케이트 왕자와 함께 머지사이드 버켄헤드에 있는 캠멜 레어드 조선소에서 명명식을 가졌다.	3	이 스타는 머지사이드 버켄헤드에 있는 카멜 레어드 조선소에서 윌리엄 왕자와 케이트 둘 다와 함께 명명식을 가졌다.	1
46	47	"He said: ""It's no news to any of you that the world is facing great, great problems and the most aware of that are the young people of today, who will inherit this world.”"	a	그는 이렇게 말했다. “지구가 커다란 문제에 직면해 있다는 것은 여러분 모두에게 새로운 소식이 아닐 것이다. 이 사실을 누구보다 잘 알고 있는 건 이 세상을 물려받을 오늘날의 젊은이들이다.”	1	"그는 ""세상이 위대하고 큰 문제에 직면하고 있으며, 그 문제를 가장 잘 알고 있는 사람은 이 세상을 물려받을 오늘날의 젊은이들이라는 것은 여러분 중 누구에게도 새로운 소식이 아니다.""라고 말했다."	3	"그는 ""세계가 크고 큰 문제에 직면해 있다는 것은 여러분에게 새로운 소식이 아니며, 가장 잘 알고 있는 것은 이 세상을 물려받을 오늘날의 젊은이들""이라고 말했다."	2
47	48	Great problems require great research and facts in order to solve them.”	a	엄청난 문제를 해결하기 위해서는 엄청난 연구와 사실이 필요하다.”	1	"""위대한 문제는 그것을 해결하기 위해 훌륭한 연구와 사실이 필요하다."""	2	"""훌륭한 문제는 해결하기 위해 훌륭한 연구와 사실을 필요로 합니다."""	3
48	49	"That's what this astonishing ship will be here to do, to find out the facts and find the science with which to deal with problems that are facing the world today and will increasingly do so tomorrow."""	a	“그래서 이 멋진 선박이 그걸 하기 위해 오늘 여기에 있는 것이다. 사실을 밝혀내고 과학을 발견하기 위해서, 그리고 그걸로 오늘날 우리가 당면한 문제를 해결하기 위해서, 그리고 내일도 그 일을 계속하기 위해서.”	1	"""이 놀라운 배는 오늘 세상을 마주하고 있는 문제들을 다룰 과학을 찾고, 사실을 알아내기 위해, 그리고 내일 점점 더 그렇게 할 것이다."""	3	"""그것이 바로 이 놀라운 우주선이 지금 세계가 직면하고 있는 문제를 해결할 과학과 내일 점점 더 많은 과학을 찾기 위해 이 곳에서 하게 될 것입니다."""	2
49	50	Life In Colour is expected to air on BBC Two in 2021, while it's said Netflix will retain global rights.	a	생명의 색채는 2021년 BBC 2를 통해 방영될 예정이며, 글로벌 판권은 넷플릭스에게 있다고 전해진다.	1	Life In Color는 2021년 BBC Two에서 방영될 것으로 예상되며 넷플릭스는 세계적인 권리를 유지할 것이라고 한다.	2	Life In Color는 2021년 BBC Two에서 방영될 예정이며 넷플릭스는 전세계적인 권리를 유지할 것이라고 한다.	2
50	51	Don't use my wife's name to score points, says husband of murdered MP Jo Cox	b	살해당한 조 콕스 하원의원의 남편, 점수 얻기 위해 내 아내의 이름을 이용하지 마라	1	살해당한 MP 조 콕스의 남편은 내 아내의 이름을 점수 매기기 위해 사용하지 말라고 말한다.	3	살해된 조 콕스 의원의 남편은 내 아내의 이름을 이용해 점수를 따지 말라고 말한다.	2
51	52	The husband of Jo Cox said his wife's name must not be used to score political points after Jeremy Corbyn last night posted footage of the murdered MP to criticise Boris Johnson.	b	어젯밤 제레미 코빈 의원이 보리스 존슨 총리를 비난하기 위해 살해당한 조 콕스 하원의원의 동영상을 게시하자, 콕스 의원의 남편이 자신의 배우자의 이름을 정치적 점수를 얻는 데 이용해서는 안 된다고 말했다.	1	조 콕스의 남편은 어젯밤 제레미 코빈이 보리스 존슨을 비난하기 위해 살해된 하원의원의 영상을 올린 후 아내의 이름을 정치적 점수를 따는 데 사용해서는 안 된다고 말했다.	2	조 콕스의 남편은 제레미 코빈이 어젯밤 보리스 존슨을 비난하기 위해 살해된 하원의원의 영상을 올린 후 그의 아내의 이름이 정치적 점수를 따기 위해 사용되어서는 안 된다고 말했다.	2
52	53	"The Labour leader's film featured clips of Mrs Cox and a vigil held after her death, with the caption: ""Boris Johnson does not care about violence on our streets."""	b	"코빈 노동당 대표가 게재한 동영상에는 조 콕스 의원의 모습과 그녀가 죽은 후 열린 철야 기도회가 담겨 있고 다음과 같은 캡션이 달렸다. 보리스 존슨은 거리에서 일어나는 폭력에 관심이 없다."""	1	"노동당 지도자의 영화는 콕스 부인의 동영상과 그녀가 죽은 후 열린 밤샘을 특징으로 했다. ""보리스 존슨은 우리 거리에서의 폭력에 신경 쓰지 않는다."""	3	"노동당의 지도자의 영화에는 콕스 여사가 사망한 후 행해진 자위대의 동영상과 함께 ""보리스 존슨은 우리 거리의 폭력에 신경 쓰지 않는다""라는 문구가 삽입되어 있다."	2
53	54	"Critics said Mr Corbyn was using her murder to score ""cheap political points"" while her husband Brendan Cox said the Labour leader was ""wrong"" to infer hateful language was a ""simple party political issue."""	b	비평가들은 코빈 대표가 ‘값싼 정치적 점수’를 얻기 위해 콕스 의원의 피살 사건을 이용하고 있다고 말했고, 콕스 의원의 남편 브렌던 콕스는 증오의 발언을 ‘단순히 정당의 정치적 문제’로 해석하는 코빈 노동당 대표의 태도는 ‘잘못됐다’고 밝혔다.	1	"비평가들은 코빈 씨가 자신의 살인을 이용해 ""싸구려 정치적 포인트""를 얻고 있다고 말했고 그녀의 남편 브렌단 콕스는 노동당 대표가 증오하는 언어를 추론하는 것은 ""단순한 정당 정치 문제""라고 말했다."""	3	"비평가들은 코빈씨가 그녀의 살인을 ""싸구려 정치 점수""를 따기 위해 이용했다고 말했고 그녀의 남편 브렌던 콕스는 노동당의 지도자가 혐오스러운 언어를 추론하는 것은 ""단순한 정당 정치 문제""라고 말했다."""	2
54	55	"Mr Cox said: ""Jeremy is right that the best way to honour Jo is to defeat hatred and division."	b	"브렌던 콕스는 다음과 같이 말했다. ""조를 기리는 가장 좋은 방법은 증오와 분열을 물리치는 것이라는 제레미 대표의 말은 옳다."	1	"콕스 씨는 ""조를 기리는 가장 좋은 방법은 증오와 분열을 물리치는 것이라는 제레미의 말이 옳다."	2	"콕스씨는 ""제레미가 조를 기리는 가장 좋은 방법은 증오와 분열을 물리치는 것""이라고 말했다."	3
55	56	He's also right the PM has a particular responsibility.	b	그리고 조에게도 어떤 책임이 있다는 그의 말도 맞다.”	3	수상이 특별한 책임을 지고 있다는 것도 그의 말이 옳다.	1	그가 옳다 또한 수상은 특별한 책임이 있다.	2
56	57	But he's wrong to infer this is a simple party political issue.	b	그러나 이것을 단순히 정당의 정치적 문제로 해석하는 일은 잘못되었다.	1	"""하지만 이것이 단순한 정당 정치 문제라고 추론한 것은 그가 틀렸다."	2	"그는 ""그러나 이것이 단순한 정당정치적 문제라고 추론하는 것은 틀렸다."	3
57	58	Jo was passionately Labour but some things must transcend party politics.	b	조는 열정적인 노동당원이긴 했지만, 어떤 일은 정당을 초월해야 할 때도 있다.	1	"조 전 총리는 열정적으로 노동당이었지만 어떤 것들은 정당정치를 초월해야 한다."""	2	"조는 열정적으로 노동을 했지만 어떤 것들은 정당정치를 초월해야 한다."""	2
58	59	"He also shared a post which said Jo Cox's name was ""more than a political scoring point"" with the caption ""This. Thank you."""	b	또한 브렌던 콕스는 조 콕스의 이름은 ‘단순한 정치적 점수 그 이상’이라는 글에 ‘이 글. 감사합니다.’라는 캡션을 붙여 공유했다.	1	"그는 또한 조 콕스의 이름이 ""정치적 득점 포인트 이상""이라는 글과 ""이것""이라는 자막을 공유했다. 감사합니다."""	2	"그는 또한 조 콕스의 이름이 ""정치적 점수 이상""이라는 글과 함께 ""이것""이라는 글을 공유했다. 감사합니다."""	2
59	60	Mr Corbyn was facing a backlash for his video which opens with him talking about Mrs Cox's murder three years ago by a far-Right activist in her West Yorkshire constituency.	b	코빈 대표는 이 동영상으로 인해 역풍을 맞고 있다. 이 동영상은 3년 전 콕스 의원이 웨스트요크셔 선거구에서 어느 극우 운동가에 의해 살해된 사건에 대해 자신이 이야기하는 장면으로 시작한다.	1	코빈 씨는 3년 전 웨스트요크셔 선거구에서 극우 운동가에 의해 콕스 부인의 살인에 대해 이야기하면서 공개되는 그의 비디오에 대한 반발에 직면해 있었다.	3	코빈 씨는 웨스트 요크셔 선거구에서 3년 전 극우 운동가가 콕스 부인을 살해한 사건에 대해 이야기하는 동영상으로 인해 반발을 사고 있었다.	2
60	61	"Speaking over a montage of clips of Mrs Cox, Mr Johnson and female MPs, Mr Corbyn said: ""This Prime Minister knows these words can promote violence and have real consequences."	b	"코빈 대표는 콕스 의원, 존슨 총리, 여성 하원의원들의 영상을 짜깁기한 동영상에 대해 다음과 같이 말했다. ""총리는 이러한 발언이 폭력을 조장하고 실제 범죄로 이어질 수 있다는 걸 안다."	1	"코빈 총리는 콕스 여사, 존슨 여사, 여성 하원의원들의 동영상에 대해 ""이 수상은 이 단어들이 폭력을 조장할 수 있고 실질적인 결과를 가져올 수 있다는 것을 알고 있다""고 말했다."	2	"콕스 여사와 존슨 의원, 그리고 여성 하원의원들의 몽타주를 통해 코빈 총리는 ""이 단어들이 폭력을 조장하고 실질적인 결과를 가져올 수 있다는 것을 알고 있다""고 말했다."	2
61	62	He wants division.	b	그는 분열을 원한다.	1	그는 분열을 원한다.	1	그는 분할을 원한다.	1
62	63	"Clearly, he doesn't care about the violence on our streets."""	b	"분명히, 그는 거리에서 일어나는 폭력에는 관심이 없다."""	1	"분명히 그는 우리 거리의 폭력에 대해 신경 쓰지 않는다."""	2	"분명히, 그는 우리 거리의 폭력에 대해 신경쓰지 않습니다."""	2
63	64	He goes on to criticise Mr Johnson and call for a Labour government.	b	코빈 대표는 계속해서 존슨 총리를 비난하며 노동당 정부에게 요구하고 있다.	1	그는 계속해서 존슨 씨를 비난하고 노동당 정부를 요구한다.	2	그는 계속해서 존슨씨를 비난하고 노동당 정부를 요구합니다.	2
64	65	"Mr Corbyn added: ""Many are deeply concerned about the language used by Boris Johnson, language which is being repeated by the far-Right."	b	"코빈 대표는 다음과 같이 덧붙였다. ""많은 사람들이 보리스 존슨 총리의 말투를 우려하고 있다. 그 말투를 극우 진영에서 따라하고 있다."	1	"코빈 씨는 ""많은 사람들이 극우파에 의해 반복되고 있는 언어인 보리스 존슨이 사용하는 언어에 대해 깊은 우려를 하고 있다""고 덧붙였다."	3	"코빈은 ""많은 사람들이 보리스 존슨이 사용하는 언어, 극우파가 반복하고 있는 언어에 대해 깊이 우려하고 있다""고 덧붙였다."	2
65	66	When this was raised with him by women MPs, who themselves face death threats, he arrogantly dismissed them.	b	여성 하원의원들이 살해 위협을 받으며 이에 대해 문제를 제기하면 그는 오만하게도 이를 묵살했다.	1	이것이 스스로 죽음의 위협에 직면한 여성 하원의원들에 의해 그와 함께 제기되었을 때, 그는 오만하게 그들을 해고했다.	2	여성 의원들 스스로가 죽음의 위협을 받고 있는 상황에서 이 문제가 그와 함께 제기되자 그는 오만하게 그들을 해고했다.	3
66	67	"It was nothing short of disgraceful."""	b	정말 수치스러운 일이 아닐 수 없다.”	1	"수치스러운 일과 다를 바 없었다."""	1	"그것은 불명예나 다름없었다."""	1
67	68	"Former Labour MP John Woodcock shared the video and said: ""You can really shut up. Disgusting."""	b	"존 우드콕 노동당 전 하원의원은 이 동영상을 공유하며 다음과 같이 말했다. “당신은 이제 그만 입을 다물라. 역겹다."""	1	"존 우드콕 전 노동당 하원의원은 이 동영상을 공유하며 ""정말 입을 다물 수 있다. 혐오스럽다."""	2	"존 우드콕 전 노동당 하원의원은 동영상을 공유하며 ""당신은 정말로 입을 다물 수 있습니다. 역겨워."""	3
68	69	"Meanwhile Tory MP and business minister Nadhim Zahawi said: ""You are so wrong to use Jo Cox in this way, when her family have specifically asked for her not to be used in this way."	b	한편 보수당 하원의원이자 산업부 장관인 나드힘 자하위는 다음과 같이 말했다. “당신이 이런 식으로 조 콕스 의원의 이름을 사용하다니 정말 잘못됐다. 그녀의 가족이 이런 식으로 그녀의 이름을 사용하지 말아달라고 특별히 요청했는데도 말이다.	1	"한편 토리 하원의원과 나딤 자하위 경제장관은 ""조 콕스를 이런 식으로 사용하는 것은 너무 잘못된 것""이라며 ""그의 가족이 특별히 조 콕스를 이런 식으로 사용하지 말라고 요청했을 때""라고 말했다."	2	"한편 나딤 자하위 토리 하원의원과 사업부 장관은 ""조 콕스를 이런 식으로 사용하는 것은 잘못됐다""며 ""그녀의 가족들이 조 콕스를 이런 식으로 사용하지 말 것을 요구했다""고 말했다."	3
69	70	To be kept out of politics.	b	정치와 연루시키지 말라고.”	1	정치에 관여하지 않기 위해서입니다.	2	정치에 관여하지 않기 위해서.	2
70	71	If you have an ounce of decency Jeremy Corbyn you would take this video down.	b	제레미 코빈, 당신이 눈꼽만큼이라도 예의있는 사람이라면 이 동영상을 내리기 바란다.”	1	"""제러미 코빈에게 품위가 있다면 이 비디오를 내려갈 겁니다."""	3	"""제레미 코빈이 조금이라도 품위가 있다면 이 비디오를 내려놓을 수 있을 것입니다."""	2
71	72	"It follows a row over language in Parliament this week in which Mr Johnson said that the ""best way"" to honour Mrs Cox was to ""get Brexit done."""	b	그 후 이번 주 의회에서 존슨 총리가 콕스 의원을 기리는 “가장 좋은 방법”은 “브렉시트를 완수하는 일”이라고 발언하면서 논쟁이 이어졌다.	1	존슨 전 대통령이 콕스 여사를 기리는 가장 좋은 방법은 브렉시트를 성사시키는 것이라고 말한 이번 주 의회에서의 언어에 대한 논쟁에 이은 것이다.	3	"이번 주 의회에서는, 콕스 여사를 기리는 ""가장 좋은 방법""은 ""브렉시트(Brexit)를 이행하는 것""이라고 존슨 의원이 발언한 것에 대한 언쟁에 이어, 이 같은 사태가 벌어졌습니다."	2
72	73	"Her sister Kim Leadbeater called for a dialling down of extreme language saying it was ""not helpful to Jo's kids."""	b	"조 콕스 의원의 여동생 킴 리드비터는 극단적인 언어를 순화할 것을 요구하며 그게 언니의 자녀들에게 도움이 되지 않는다""고 말했다."	1	"그녀의 여동생 김 리드비터는 ""조씨의 아이들에게 도움이 되지 않는다""고 말하며 극단적인 언어를 줄여줄 것을 요구했다."	2	"그녀의 여동생 킴 리드비터는 ""조씨의 아이들에게 도움이 되지 않는다""며 극단적인 언어의 축소를 요구했다."""	3
73	74	"She told ITV: ""For me to come out and say outrageous things about Boris Johnson - I just don't think that's a useful way of moving forward."	b	"리드비터는 ITV에 다음과 같이 말했다. ""내가 나서서 보리스 존슨 총리에 대해 터무니없는 말을 늘어놓는 게 앞으로 나아가는 데 유용한지는 잘 모르겠다."	1	"그녀는 ITV와의 인터뷰에서 ""보리스 존슨에 대해 터무니없는 말을 하는 것은 나에게 도움이 되지 않는다고 생각한다""고 말했다."	3	"그녀는 ITV와의 인터뷰에서 ""내가 보리스 존슨에 대해 터무니없는 말을 하는 것은 앞으로 나아갈 유용한 방법이 아니라고 생각한다""고 말했다."	2
74	75	"I can say what I think is right and what I think is wrong but I'm going to try and do that in a measured manner."""	b	나는 무엇이 옳고 그른지 내 생각을 표현할 수는 있지만 그걸 신중하게 하려고 노력할 것이다.”	1	"옳다고 생각하는 것과 내가 잘못되었다고 생각하는 것을 말할 수는 있지만, 나는 그것을 측정된 방법으로 하려고 노력할 것이다."""	2	"내가 옳다고 생각하는 것과 틀렸다고 생각하는 것은 말할 수 있지만, 나는 그것을 신중하게 하려고 노력할 것이다."""	1
75	76	The daughter of Labour MP Yvette Cooper spoke out yesterday to say she constantly fears for her mother's life because of the way people speak about politicians.	b	이베트 쿠퍼 노동당 하원의원의 딸은 사람들이 정치인들에 대해 하는 말을 듣고 있으면 항상 어머니의 신변이 걱정된다고 어제 밝혔다.	1	노동당 이베트 쿠퍼 하원의원의 딸은 어제 사람들이 정치인에 대해 말하는 방식 때문에 어머니의 삶에 대해 끊임없이 두려워한다고 말했다.	3	Yvette Cooper 노동당 의원의 딸은 어제 사람들이 정치인에 대해 말하는 방식 때문에 어머니의 생명을 끊임없이 두려워한다고 말했다.	2
76	77	Ukraine scandal: Pelosi says Barr 'rogue'; former U.S. officials back investigation	a	우크라이나 스캔들: 펠로시 의원, 바 장관 “막나간다”; 전 미국 관료들에 대한 재조사	1	우크라이나 스캔들: 펠로시는 바가 '잘못된' 것이라고 말한다; 전 미국 관리들은 조사를 지지한다.	3	우크라이나 스캔들: 펠로시, 바 '불쾌하다'고 주장; 전직 미 관리들 조사	2
77	78	"House Speaker Nancy Pelosi accused U.S. Attorney General William Barr Friday of going ""rogue"" to protect President Donald Trump over his controversial phone call with Ukraine's leader, which has led to an impeachment inquiry."	a	금요일, 낸시 펠로시 하원의장은 윌리엄 바 미 법무장관이 우크라이나 대통령과 의심쩍은 통화 사건으로부터 트럼프 대통령을 보호하기 위해 “막나간다”고 비난했다. 이 사건을 계기로 대통령 탄핵 조사가 진행 중이다.	1	낸시 펠로시 하원의장은 28일(현지시간) 윌리엄 바 미 법무장관이 우크라이나 지도자와의 전화통화에 대해 도널드 트럼프 대통령을 보호하기 위해 '잘못된' 행동을 했다고 비난해 탄핵심문으로 이어졌다.	2	낸시 펠로시 하원의장이 26일(현지시간) 윌리엄 바 미국 법무장관이 우크라이나 지도자와 통화한 것과 관련해 도널드 트럼프 대통령을 보호하기 위해 '불법 행위'를 했다고 비난해 탄핵 심문이 이어지고 있다.	3
78	79	The California Democrat's words follow a release of the complaint Thursday, which was submitted by an unidentified intelligence official to Intelligence Community Inspector General Michael Atkinson.	a	캘리포니아 민주당원인 낸시 펠로시 의장의 이와 같은 발언은 신원 불명의 한 정보기관 관계자가 미국 정보커뮤니티의 마이클 앳킨슨 감사원장에게 제출한 신고서가 목요일 공개되고 난 뒤의 일이다.	1	캘리포니아 민주당의 발언은 신원 미상의 정보 당국자가 마이클 앳킨슨 정보공동체 감찰관에게 제출한 고소장이 목요일 공개된 데 이은 것이다.	2	캘리포니아 민주당의 이 같은 발언은 신원미상의 정보당국자가 마이클 앳킨슨 정보부 장관에게 제출한 불만사항 발표에 이은 것이다.	3
79	80	Atkinson turned it over to national intelligence director Joseph Maguire.	a	앳킨슨 원장은 이를 미 국가정보장실의 조셉 맥과이어 국정원장에게 전달했다.	1	앳킨슨은 그것을 조셉 맥과이어 국가정보국장에게 넘겼다.	2	앳킨슨은 국가정보국장 조셉 맥과이어에게 넘겼다.	3
80	81	Barr is mentioned several times in the July 25 phone call, as is Trump attorney Rudolph Giuliani.	a	바 장관의 이름도 7월 25일 전화통화에서 수차례 언급되었고 트럼프 대통령의 변호사 루돌프 줄리아니도 마찬가지이다.	1	트럼프 변호사 루돌프 줄리아니처럼 7월 25일 전화통화에서 바는 여러 차례 언급된다.	2	바는 7월 25일 통화에서 여러 차례 언급되었고, 트럼프측 변호사인 루돌프 줄리아니도 언급되었다.	3
81	82	"The complaint says White House officials were concerned enough that they attempted to ""lock down"" the record of the call."	a	이 신고서에 따르면, 백악관 관계자들이 너무 우려가 되어 이 통화 기록을 ‘은폐’하려고 했다.	1	"고소장은 백악관 관계자들이 통화 기록을 ""잠그려고"" 시도할 정도로 우려했다고 말한다."	2	"백악관 관리들이 통화 기록을 ""잠금""하려 할 정도로 우려를 표했다고 이 고소는 전했습니다."	2
82	83	[Barr has] gone rogue, Pelosi told MSNBC Friday.	a	“[바 장관이] 막나가기 시작했다”라고 펠로시 의장이 금요일 MSNBC에서 말했다.	1	"펠로시는 MSNBC와의 인터뷰에서 ""바가 악당이 됐다""고 말했다."	2	"펠로시 의장은 14일 MSNBC와의 인터뷰에서 ""바르가 불량으로 변했다""고 말했다."	3
83	84	I think where they're going is a cover-up of a cover-up.	a	“내 생각에 그들은 은폐 사실을 은폐하려는 것 같다.	1	그들이 어디로 가는지는 은폐라고 생각한다.	2	그들이 어디로 가는지 은폐하려는 것 같아.	3
84	85	I think it's sad, to have a Justice Department go so rogue.	a	법무부가 그런 식으로 막나가다니 슬픈 일이다.	1	법무부가 그렇게 나쁜 짓을 하다니 슬프다.	2	법무부가 그렇게 나쁜 짓을 하다니 슬프네요	2
85	86	Well, they have been for a while. And now it just makes matters worse.	a	뭐, 한동안은 그래왔다. 근데 이제는 그게 상황을 더욱 악화시키고 있다.”	1	음, 그들은 한동안 있었어. 그리고 이제 그것은 상황을 더 악화시킨다.	3	음, 그들은 꽤 오래되었어. 지금은 상황을 더 악화시킬 뿐이지	2
86	87	Pelosi announced an official impeachment investigation this week after Trump acknowledged he'd withheld military aid to Ukraine.	a	펠로시 의장은 트럼프 대통령이 우크라이나에 군사 지원을 요청했던 사실을 은폐했었다고 시인하자 이번 주에 공식적인 탄핵 조사를 발표했다.	3	펠로시는 트럼프가 우크라이나에 대한 군사 지원을 보류했다는 사실을 인정한 뒤 이번 주 공식 탄핵 조사를 발표했다.	2	펠로시는 이번 주 트럼프 대통령이 우크라이나에 대한 군사 지원을 유보했음을 인정하자 공식 탄핵 조사를 발표했다.	1
87	88	The aid was ultimately granted, but House Democrats want to know whether there was any connection to the aid and Trump's asking Zelensky to investigate Hunter Biden, who worked for a Ukrainian gas company for five years.	a	결과적으로 우크라이나의 지원은 받았었지만, 하원 민주당원들이 알고 싶어하는 것은 그 군사적 지원과 트럼프가 당시 5년간 한 우크라이나 가스 회사에서 근무 중이던 헌터 바이든에 대한 조사를 젤렌스키 대통령에게 의뢰한 사건 사이의 연관성이다.	1	지원금은 궁극적으로 부여됐지만 하원 민주당 의원들은 지원금과 관련이 있는지, 트럼프가 젤렌스키에게 우크라이나 가스회사에서 5년간 일했던 헌터 바이든을 조사해 달라고 부탁한 사실을 알고 싶어한다.	2	이번 지원은 결국 승인됐지만 하원 민주당 의원들은 원조와 관련이 있는지 알고 싶어하고 트럼프는 젤렌스키에게 우크라이나 가스회사에서 5년간 일한 헌터 바이든을 조사하라고 요청했다.	3
88	89	Also Friday, nearly 300 former U.S. foreign policy and national security officials signed a letter supporting the impeachment investigation.	a	또한 금요일에는 300명에 달하는 전직 미국 대외 정책 및 국가안보 관계자들이 탄핵 조사를 지지하는 서한에 서명했다.	3	또한 금요일에는 거의 300명의 전직 미국 외교 정책과 국가 안보 관리들이 탄핵 조사를 지지하는 서한에 서명했다.	2	또한 금요일 거의 300명의 전직 미국 외교정책 및 국가안보 관료들이 탄핵 조사를 지지하는 서한에 서명했다.	1
89	90	"The coalition said Trump's actions constitute a ""profound national security concern."""	a	"이 집단은 트럼프의 행위가 심각한 국가안보 문제""라고 말했다."	2	연립정부는 트럼프의 조치가 '국가 안보 우려'에 해당한다고 밝혔다.	1	"연합은 트럼프의 행동이 ""심각한 국가 안보 우려""라고 말했다."	2
90	91	We applaud those members of Congress, including Speaker Pelosi, who have started us down that necessary path, the letter states.	a	"이 서한에는 ""우리가 이 중요한 길을 걷을 수 있게 해준 펠로시 의장을 비롯한 하원의원들에게 찬사를 보낸다""라고 적혀 있다."	1	"서한에는 ""우리는 펠로시 의장을 포함한 의회 의원들에게 박수를 보낸다""고 적혀 있다."	2	"서한에는 ""우리는 펠로시 의장을 포함한 의회 의원들에게 박수를 보낸다""고 적혀 있다."	2
91	92	President Trump appears to have leveraged the authority and resources of the highest office in the land to invite additional foreign interference into our democratic process.	a	트럼프 대통령은 미국 최고 지위인 대통령으로써의 권력과 자원을 이용하여 우리나라의 민주적인 절차에 외세가 개입하게 했다.	2	트럼프 대통령은 이 땅 최고위직의 권한과 자원을 활용해 우리의 민주적 과정에 추가적인 외국인 간섭을 불러온 것으로 보인다.	1	트럼프 대통령은 이 땅에서 최고위직의 권위와 자원을 활용해 우리 민주주의 과정에 추가적인 외국의 간섭을 유도한 것으로 보인다.	1
92	93	That would constitute an unconscionable abuse of power.”	a	이는 몰지각한 권력 남용이다.”	1	"그건 비양심적인 권력 남용이 될 거야."""	2	"그것은 비양심적인 권력 남용이 될 것입니다."""	2
93	94	It would also represent an effort to subordinate America's national interests — and those of our closest allies and partners — to the president's personal political interest.	a	또한 이는 대통령 개인의 정치적 이익 때문에 미국의 (그리고 우리와 가장 가까운 동맹국들 및 파트너 국가들의) 국익을 경시하려는 행위이다.”	1	"""그것은 또한 미국의 국익, 그리고 우리의 가장 가까운 동맹국과 파트너들의 이익을 대통령의 개인적인 정치적 이익에 종속시키려는 노력을 나타낼 것이다."""	2	"""그것은 또한 미국의 국익, 그리고 우리의 가장 가까운 동맹국들과 파트너들의 이익을 대통령의 개인적 정치적 이익에 종속시키려는 노력을 의미할 것입니다."""	2
94	95	Trump has denied there was any impropriety with the phone call.	a	트럼프 대통령은 당시 전화통화에 부적절한 부분은 없었다며 부인했다.	1	트럼프는 전화에 부적합한 점이 없다고 부인했다.	3	트럼프는 이 전화에 어떠한 부적절함도 없다고 부인했다.	2
95	96	"Friday, he denounced the complainant and again said the call with Zelensky was a ""perfect conversation."""	a	그리고 금요일, 그는 이 신고서를 맹렬히 비판하면서 젤렌스키 대통령과 통화하며 “완벽한 대화”를 했다고 거듭 밝혔다.	3	"그는 금요일 이 불만자를 비난하고 젤렌스키와의 통화는 ""완벽한 대화""라고 말했다."""	2	"금요일, 그는 고소인을 비난하고 젤렌스키와의 통화는 ""완벽한 대화였다""고 다시 말했다."""	1
96	97	Sounding more and more like the so-called whistle-blower isn't a whistle-blower at all, he tweeted.	a	“소위 내부 고발자라는 자가 점점 더 내부 고발자가 전혀 아닌 것 같다”라고 그는 트위터에 올렸다.	1	"그는 트위터에 ""소위 내부고발자가 전혀 내부고발자가 아닌 것처럼 점점 더 많이 들린다""고 밝혔다."	3	"그는 트위터를 통해 ""점점 내부고발자처럼 들리는 것은 내부고발자가 아니다""라고 밝혔다."	2
97	98	In addition, all second-hand information that proved to be so inaccurate that there may not have been somebody else, a leaker or spy, feeding it to him or her?	a	“게다가 전부 간접적으로 얻은 그의 정보가 불명확한 것으로 드러나고 있어서 그/그녀에게 정보를 제공하는 기밀 누설자나 스파이가 배후에 있는 게 아닌가?	1	"""게다가 너무 부정확하다는 것이 증명된 모든 간접 정보, 누설자나 스파이가 그나 그녀에게 먹이를 주지 않았을지도 모르는 다른 사람이 있었을까?"	3	"""게다가, 너무 부정확한 것으로 판명된 모든 중고 정보는 유출자나 스파이가 그 사람에게 정보를 제공하는 것이 아니었을까요?"	2
98	99	A partisan operative?	a	혹은 정치 공작원?”	1	"당파적 공작원이라고요?"""	3	"당파 공작원?"""	2
99	100	Vice President Mike Pence also had interactions with Ukrainian leaders, the whistle-blower complaint shows, and he met with Zelensky in Poland earlier this month.	a	내부 고발자의 신고서에 따르면, 마이크 펜스 부통령도 우크라이나 지도자들과 교류가 있었으며 그가 이번 달 초에 폴란드에서 젤렌스키 대통령을 만났다.	1	마이크 펜스 부통령도 우크라이나 지도자들과 교류를 했고, 내부고발자 불만쇼에서는 이달 초 폴란드에서 젤렌스키를 만났다.	2	마이크 펜스 부통령은 내부고발자 고발 쇼인 우크라이나 지도자들과도 교류를 했으며 이달 초 폴란드에서 젤렌스키 대통령과 만났다.	2
100	101	He said neither Joe Biden or Hunter Biden were discussed.	a	조 바이든이나 헌터 바이든에 대한 논의는 없었다고 그는 말했다.	1	그는 조 바이든이나 헌터 바이든 둘 다 논의되지 않았다고 말했다.	2	그는 조 바이든이나 헌터 바이든 모두 논의되지 않았다고 말했다.	2
